<?xml version='1.0' encoding='UTF-8'?>
<types:mule xmlns:types="http://www.mulesoft.org/schema/mule/types">
  <types:catalog>
    <types:type name="booking1" format="json">
      <types:shape format="weave" example="examples/T1"><![CDATA[%dw 2.0

type booking1 = {|
  ID: Number {"typeId": "int"}, 
  code: String, 
  price: Number {"typeId": "int"}, 
  departureDate: String, 
  origin: String, 
  destination: String, 
  emptySeats: Number {"typeId": "int"}, 
  train: {|
    "type": String, 
    totalseats: Number {"typeId": "int"}
  |}
|} {"example": "{\\\"ID\\\":1,\\\"code\\\":\\\"R1\\\",\\\"price\\\":541,\\\"departureDate\\\":\\\"2021-01-20T00:00:00\\\",\\\"origin\\\":\\\"MUA\\\",\\\"destination\\\":\\\"LAX\\\",\\\"emptySeats\\\":0,\\\"train\\\":{\\\"type\\\":\\\"Boeing 787\\\",\\\"totalseats\\\":200}}"}

]]></types:shape>
    </types:type>
    <types:type name="booking2" format="json">
      <types:shape format="weave" example="examples/T2-1."><![CDATA[%dw 2.0

type booking2 = Array<{|  ID: Number {"typeId": "int"},   code: String,   price: Number {"typeId": "int"},   departureDate: String,   origin: String,   destination: String,   emptySeats: Number {"typeId": "int"},   train: {|    "type": String,     totalseats: Number {"typeId": "int"}  |}|}> {"example": "[{\\\"ID\\\":1,\\\"code\\\":\\\"R1\\\",\\\"price\\\":541,\\\"departureDate\\\":\\\"2016-01-20T00:00:00\\\",\\\"origin\\\":\\\"MUA\\\",\\\"destination\\\":\\\"LAX\\\",\\\"emptySeats\\\":0,\\\"train\\\":{\\\"type\\\":\\\"Boeing 787\\\",\\\"totalseats\\\":200}},{\\\"ID\\\":2,\\\"code\\\":\\\"R2\\\",\\\"price\\\":300,\\\"departureDate\\\":\\\"2016-01-25T00:00:00\\\",\\\"origin\\\":\\\"MUA\\\",\\\"destination\\\":\\\"CLE\\\",\\\"emptySeats\\\":7,\\\"train\\\":{\\\"type\\\":\\\"Boeing 747\\\",\\\"totalseats\\\":345}},{\\\"ID\\\":3,\\\"code\\\":\\\"R3\\\",\\\"price\\\":300,\\\"departureDate\\\":\\\"2016-01-20T00:00:00\\\",\\\"origin\\\":\\\"MUA\\\",\\\"destination\\\":\\\"LAX\\\",\\\"emptySeats\\\":0,\\\"train\\\":{\\\"type\\\":\\\"Boeing 777\\\",\\\"totalseats\\\":300}}]"}

]]></types:shape>
    </types:type>
  </types:catalog>
  <types:enrichment select="#6ca486ab-d009-4523-940f-737e02e18df2">
    <types:processor-declaration>
      <types:output-event>
        <types:message>
          <types:payload type="booking1"/>
        </types:message>
      </types:output-event>
    </types:processor-declaration>
  </types:enrichment>
  <types:enrichment select="#f14d43ba-2809-47b2-9448-9e54497e8d4a">
    <types:processor-declaration>
      <types:output-event>
        <types:message>
          <types:payload type="booking2"/>
        </types:message>
      </types:output-event>
    </types:processor-declaration>
  </types:enrichment>
</types:mule>