{"version":"1.2.0","artifactCoordinates":{"groupId":"com.mycompany","artifactId":"miniproject_trainreservation","version":"1.0.0-SNAPSHOT","type":"jar","classifier":"mule-application"},"dependencies":[{"artifactCoordinates":{"groupId":"org.mule.connectors","artifactId":"mule-http-connector","version":"1.5.25","type":"jar","classifier":"mule-plugin"},"uri":"repository/org/mule/connectors/mule-http-connector/1.5.25/mule-http-connector-1.5.25-mule-plugin.jar"},{"artifactCoordinates":{"groupId":"org.mule.connectors","artifactId":"mule-sockets-connector","version":"1.2.2","type":"jar","classifier":"mule-plugin"},"uri":"repository/org/mule/connectors/mule-sockets-connector/1.2.2/mule-sockets-connector-1.2.2-mule-plugin.jar"}]}