{
  "configs": [
    "miniproject_trainreservation.xml"
  ],
  "secureProperties": [],
  "redeploymentEnabled": true,
  "name": "com.mycompany:miniproject_trainreservation:1.0.0-SNAPSHOT",
  "minMuleVersion": "4.4.0",
  "requiredProduct": "MULE_EE",
  "classLoaderModelLoaderDescriptor": {
    "id": "mule",
    "attributes": {
      "exportedPackages": [],
      "exportedResources": [
        "application-types.xml",
        "examples/T1",
        "examples/T2",
        "log4j2.xml",
        "miniproject_trainreservation.xml"
      ]
    }
  },
  "bundleDescriptorLoader": {
    "id": "mule",
    "attributes": {}
  }
}