{"version":"1.2.0","artifactCoordinates":{"groupId":"org.mule.connectors","artifactId":"mule-http-connector","version":"1.5.25","type":"jar","classifier":"mule-plugin"},"dependencies":[{"artifactCoordinates":{"groupId":"org.mule.connectors","artifactId":"mule-sockets-connector","version":"1.2.2","type":"jar","classifier":"mule-plugin"},"uri":"repository/org/mule/connectors/mule-sockets-connector/1.2.2/mule-sockets-connector-1.2.2-mule-plugin.jar"},{"artifactCoordinates":{"groupId":"org.mule.modules","artifactId":"mule-module-cors-kernel","version":"1.1.2","type":"jar"},"uri":"repository/org/mule/modules/mule-module-cors-kernel/1.1.2/mule-module-cors-kernel-1.1.2.jar","packages":["org.mule.modules.cors","org.mule.modules.cors.api.configuration.origin","org.mule.modules.cors.configuration","org.mule.modules.cors.configuration.exception","org.mule.modules.cors.configuration.parser","org.mule.modules.cors.request","org.mule.modules.cors.request.attributes","org.mule.modules.cors.request.builder","org.mule.modules.cors.request.checker","org.mule.modules.cors.request.visitor","org.mule.modules.cors.response","org.mule.modules.cors.response.visitor","org.mule.modules.parser"],"resources":["META-INF/MANIFEST.MF","META-INF/maven/org.mule.modules/mule-module-cors-kernel/pom.properties","META-INF/maven/org.mule.modules/mule-module-cors-kernel/pom.xml"]},{"artifactCoordinates":{"groupId":"org.apache.commons","artifactId":"commons-text","version":"1.8","type":"jar"},"uri":"repository/org/apache/commons/commons-text/1.8/commons-text-1.8.jar","packages":["org.apache.commons.text","org.apache.commons.text.diff","org.apache.commons.text.lookup","org.apache.commons.text.matcher","org.apache.commons.text.similarity","org.apache.commons.text.translate"],"resources":["META-INF/LICENSE.txt","META-INF/MANIFEST.MF","META-INF/NOTICE.txt","META-INF/maven/org.apache.commons/commons-text/pom.properties","META-INF/maven/org.apache.commons/commons-text/pom.xml"]},{"artifactCoordinates":{"groupId":"org.apache.commons","artifactId":"commons-lang3","version":"3.9","type":"jar"},"uri":"repository/org/apache/commons/commons-lang3/3.9/commons-lang3-3.9.jar","packages":["org.apache.commons.lang3","org.apache.commons.lang3.arch","org.apache.commons.lang3.builder","org.apache.commons.lang3.concurrent","org.apache.commons.lang3.event","org.apache.commons.lang3.exception","org.apache.commons.lang3.math","org.apache.commons.lang3.mutable","org.apache.commons.lang3.reflect","org.apache.commons.lang3.text","org.apache.commons.lang3.text.translate","org.apache.commons.lang3.time","org.apache.commons.lang3.tuple"],"resources":["META-INF/LICENSE.txt","META-INF/MANIFEST.MF","META-INF/NOTICE.txt","META-INF/maven/org.apache.commons/commons-lang3/pom.properties","META-INF/maven/org.apache.commons/commons-lang3/pom.xml"]}],"packages":["org.mule.extension.http.api","org.mule.extension.http.api.error","org.mule.extension.http.api.listener","org.mule.extension.http.api.listener.builder","org.mule.extension.http.api.listener.intercepting.cors","org.mule.extension.http.api.listener.server","org.mule.extension.http.api.notification","org.mule.extension.http.api.policy","org.mule.extension.http.api.request","org.mule.extension.http.api.request.authentication","org.mule.extension.http.api.request.builder","org.mule.extension.http.api.request.client","org.mule.extension.http.api.request.proxy","org.mule.extension.http.api.request.validator","org.mule.extension.http.api.streaming","org.mule.extension.http.internal","org.mule.extension.http.internal.certificate","org.mule.extension.http.internal.filter","org.mule.extension.http.internal.listener","org.mule.extension.http.internal.listener.intercepting","org.mule.extension.http.internal.listener.intercepting.cors","org.mule.extension.http.internal.listener.server","org.mule.extension.http.internal.policy","org.mule.extension.http.internal.request","org.mule.extension.http.internal.request.builder","org.mule.extension.http.internal.request.client","org.mule.extension.http.internal.temporary"],"resources":["META-INF/http-extension-descriptions.xml","META-INF/maven/org.mule.connectors/mule-http-connector/pom.xml","META-INF/mime.types","META-INF/mule-artifact/icon.svg","META-INF/mule-artifact/mule-artifact.json","META-INF/org/mule/runtime/core/config/registry-bootstrap.properties"]}